{"Mean":{"confidence_interval":{"confidence_level":0.95,"lower_bound":6.924648361607081,"upper_bound":7.710645628492561},"point_estimate":7.269327902526613,"standard_error":0.19791799940134894},"Median":{"confidence_interval":{"confidence_level":0.95,"lower_bound":6.8094813546965876,"upper_bound":6.8641068292139655},"point_estimate":6.8406436079274044,"standard_error":0.012899378373549574},"MedianAbsDev":{"confidence_interval":{"confidence_level":0.95,"lower_bound":0.07907381179607575,"upper_bound":0.15452257619849977},"point_estimate":0.09986084960039425,"standard_error":0.018608282138185706},"Slope":{"confidence_interval":{"confidence_level":0.95,"lower_bound":6.8795572018826014,"upper_bound":6.979502249467734},"point_estimate":6.924857237758722,"standard_error":0.02567448582007431},"StdDev":{"confidence_interval":{"confidence_level":0.95,"lower_bound":0.2803974825449112,"upper_bound":2.93507124659291},"point_estimate":1.993346725830923,"standard_error":0.6037915402892441}}